Epitope,CDR3A,CDR3B,label
YLEPGPVTA,CATDGDTPLVFGF,CASSIGGPYEQYFGF,1
YLEPGPVTV,CATDGDTPLVFGF,CASSIGGPYEQYFGF,1
YLEAGPVTA,CATDGDTPLVFGF,CASSIGGPYEQYFGF,1
ALEPGPVTA,CATDGDTPLVFGF,CASSIGGPYEQYFGF,1
YLEPGPATA,CATDGDTPLVFGF,CASSIGGPYEQYFGF,1
YLEPGAVTA,CATDGDTPLVFGF,CASSIGGPYEQYFGF,1
YLEPGPVAA,CATDGDTPLVFGF,CASSIGGPYEQYFGF,1
YLEPGPVTV,CAVLSSGGSNYKLTFF,CASSFIGGTDTQYFF,1
ALEPGPVTA,CAVLSSGGSNYKLTFGF,CASSFIGGTDTQYFGF,1
YLEPGPVTA,CAVLSSGGSNYKLTFGF,CASSFIGGTDTQYFGF,1
YLEPGPATA,CAVLSSGGSNYKLTFGF,CASSFIGGTDTQYFGF,1
YLEPGPVTV,CAVLSSGGSNYKLTFGF,CASSFIGGTDTQYFGF,1
YLEPGPVAA,CAVLSSGGSNYKLTFGF,CASSFIGGTDTQYFGF,1
YLEAGPVTA,CAVLSSGGSNYKLTFGF,CASSFIGGTDTQYFGF,1
YLEPGAVTA,CAVLSSGGSNYKLTFGF,CASSFIGGTDTQYFGF,1
MLYQHLLPL,CAVNKTDKLIF,CASSVTGNGYTF,1
SLLMWITQV,CAVRPTSGGSYIPTF,CASSYVGNTGELFF,1
ILNAMIAKI,CAADSGGGADGLTF,CAIQGFSGPLHF,1
LLSLFSLWL,CAADSWGKLQF,CATSDSTGSYGYTF,1
RMFPNAPYL,CAADYSGAGSYQLTF,CASSLGFGGREAYEQYF,1
FMIGYASAL,CAAEYGNKLVF,CSARDRSGIDTQYF,1
VLFGLGFAI,CAAFRSNDYKLSF,CASSPVPGLDEQFF,1
VYGIRLEHF,CAAGNILTGGGNKLTF,CASSLGRGNSPLHF,1
VAANIVLTV,CAAIGNRDDKIIF,CASSFGNSYEQYF,1
KLGGALQAK,CAAKLSDSSYKLIF,CSAMTSGSSYEQYF,1
ILLDWAANI,CAALGGTTDSWGKLQF,CASSYFRQSYEQYF,1
ILLDWAANV,CAALGGTTDSWGKLQF,CASSYFRQSYEQYF,1
LLSIISFPA,CAALPGNFGNEKLTF,CASRMGSTAFF,1
LLSIIFFPA,CAALPGNFGNEKLTF,CASRMGSTAFF,1
RYGSFSVTL,CAANSGNTPLVF,CASSLMGGGNTIYF,1
VYGIRLEHF,CAAPLSAASGSARQLTF,CATSDPRDWTGEANQPQH,1
VVMSWAPPV,CAARGGGGNKLTF,CASSLGTGVTEIF,1
VVLSWAPPV,CAARGGGGNKLTF,CASSLGTGVTEIF,1
LAMPFATPM,CAARLLNRDDKIIF,CASSYRTGSDEQFF,1
VLFGLGFAI,CAARVENNTAKLIF,CAISDWSTYEQYF,1
ALYGSVPVL,CAASALSGANSKLTF,CASSQGSGANVLTF,1
MMPFSIVYI,CAASANNQGGKLIF,CASSLVAGPYSQETQYF,1
VMPFSIVYI,CAASANNQGGKLIF,CASSLVAGPYSQETQYF,1
VLFGLGFAI,CAASASGGTSYGKLTF,CASSYSGGNRKNTQNF,1
VLFGLGFAI,CAASDGAGNMLTF,CASRGLIIQRSSYEQYF,1
LAMPFATPM,CAASEMGTSYDKVIF,CASSLGTSGIQFF,1
IMDQVPFSV,CAASFGLRGYSTLTF,CASSIIDRSGTEAFF,1
VLNPFIYML,CAASGAGGTSYGKLTF,CASSQEGRQGSYNEQFF,1
VVMSWAPPV,CAASGGNSGYALNF,CASSPLRGPYEQYF,1
VLFGLGFAI,CAASGGSNYKLTF,CAISDLSITGGDNYGYTF,1
VLFGLGFAI,CAASGGSNYKLTF,CAISDRFMREEMTYGYPF,1
VLFGLGFAI,CAASGGSNYKLTF,CAISDRFMREGMTYGYTF,1
VLFGLGFAI,CAASGGSNYKLTF,CAISEMLIRGLANYGYPF,1
VLFGLGFAI,CAASGGSNYKLTF,CAKKTSLLGPGANYGYTF,1
VLFGLGFAI,CAASGGSNYKLTF,CASGTLLIRGKGYERYF,1
VLFGLGFAI,CAASGGSNYKLTF,CASSGRFLREGMTYGYTF,1
VLFGLGFAI,CAASGGSNYKLTF,CASSQEVMTALQPDYGYTF,1
VLFGLGFAI,CAASGGSNYKLTF,CASSSAVIRGLDWCYTF,1
VLFGLGFAI,CAASGGSNYKLTF,CATSDPLIKGLAEYNEQFF,1
VLFGLGFAI,CAASGGSNYKLTF,CAWGVLFIGRGVGDYGYTF,1
VAANIVLTV,CAASGTLTTSGTYKYIF,CASSQEGTAYEQYF,1
VLFGLGFAI,CAASLLQGAQKLVF,CASSQDRWDVMSKNIQYF,1
LLFGMTPCL,CAASLRYFGNEKLTF,CASSPDPYEQYF,1
LLFGMPPCL,CAASLRYFGNEKLTF,CASSPDPYEQYF,1
VVMSWAPPV,CAASRDSGYALNF,CASSLAGESSYNEQFF,1
VVLSWAPPV,CAASRDSGYALNF,CASSLAGESSYNEQFF,1
KLGGALQAK,CAASSLSGSYIPTF,CASRLSGSAYEQYF,1
KVLEYVIKV,CAASSLSGSYIPTF,CASRLSGSAYEQYF,1
RLRAEAQVK,CAASSLSGSYIPTF,CASRLSGSAYEQYF,1
VLFGLGFAI,CAASVGSNFNKFYF,CASSSFVIAGGDYEQNF,1
YVLTWIVGA,CACMDSNYQLIW,CASSPHSGGDPRNEQFF,1
HIAKSPFEV,CADDMNRDDKIIF,CASSSGTGAYEQYF,1
KTWGQYWQV,CAEASGNTGKLIF,CASSQGMGQGSGNTEAFF,1
FLMASISSS,CAECGGNNDMRF,CASSLNTEAFF,1
NLFNRYPAL,CAEETGGGNKLTF,CASSLMGAEAFF,1
VMPFSIVYI,CAEIGVGGYQKVTF,CATSPSLGTQYF,1
ILNVDIFTL,CAEIPRSPMFSGGYNKLIF,CASSIFTRRGYEQYF,1
LLAMKVPNV,CAELRSDKLIF,CAQGDYNEQFF,1
KLSHQPVLL,CAENKDDYKLSF,CASSFSATGELFF,1
FLYNPLTRV,CAERDQAGTALIF,CASSLREAGELFF,1
ILTGLNYEV,CAESGGNNNDMRF,CASSPSLQVAQHF,1
ILTGLNYEA,CAESGGNNNDMRF,CASSPSLQVAQHF,1
KMVAVFYTT,CAESMGNDMRF,CASSYGHPGEQYF,1
YIFLGNLAL,CAETLYNQGGKLIF,CASSGRQGIDTEAFF,1
YMVLASPSV,CAETLYNQGGKLIF,CASSGRQGIDTEAFF,1
QLLVSLWGL,CAETPNDYKLSF,CASSLVGADRSGELFF,1
VLNPFIYTL,CAETPSSGNTPLVF,CASSQGISTGELFF,1
KMVAVFYTT,CAETSPYGGSQGNLIF,CASSPGGGELFF,1
KMVAVFYNT,CAETSPYGGSQGNLIF,CASSPGGGELFF,1
VMPFSIVYI,CAETVNTGFQKLVF,CARTGAGGNTIYF,1
ITDQVPFSV,CAFGDNYGQNFVF,CASSTALAASYEQYF,1
IMDQVPFSV,CAFGDNYGQNFVF,CASSTALAASYEQYF,1
ALSPVIPHI,CAFGGGGADGLTF,CAISETGGGQPQHF,1
MIISHLYLI,CAFILVANAGKSTF,CASRPRQVETQYF,1
MIISHLSLI,CAFILVANAGKSTF,CASRPRQVETQYF,1
LLAMTVPNV,CAFINNNARLMF,CSAETGRDLEAFF,1
FLYNLLTRV,CAFITNSGYALNF,CASSYSDAGGYYEQYF,1
KLANPLPYT,CAFLMDSSYKLIF,CASSLGPGGASYTF,1
KLMNIQQQL,CAFLMDSSYKLIF,CASSLGPGGASYTF,1
ILTGLNYEA,CAFMIDNNNDMRF,CASSGLAGGPFGMETQYF,1
RLGPYLEFL,CAFNDYKLSF,CAIRDRLNTEAFF,1
RLGPYLEFL,CAFSRYSTLTF,CASSIGDYEQYF,1
ILNVDIFTL,CAFSTAAGNKLTF,CAWSVSVYYGYTF,1
ILNVDVFTL,CAFSTAAGNKLTF,CAWSVSVYYGYTF,1
RLHDLVLPL,CAFTSGNQFYF,CATQWTGGHEQYF,1
LLAILTYYV,CAFYDYKLSF,CASSEVEGPGELFF,1
LLFALYFSA,CAFYDYKLSF,CASSEVEGPGELFF,1
FLNDLLSVL,CAGAGYSSASKIIF,CASIETESTGELFF,1
FLNDLLSVM,CAGAGYSSASKIIF,CASIETESTGELFF,1
RLARLALVL,CAGGGGADGLTF,CASSYMGPEAFF,1
VLFGLGFAI,CAGGLIYNQEGKLIF,CARRSRGENNGGVF,1
VAANIVLTV,CAGILSYGQNFVF,CASSEVGQGFNGYTF,1
VVLSWAPPV,CAGIPDAGGTSYGKLTF,CASSYSSDFWGDQPQHF,1
VVMSWAPPV,CAGIPDAGGTSYGKLTF,CASSYSSDFWGDQPQHF,1
ITDQVPFSV,CAGLADSNYQLIW,CASSVGSGGRPSSYNEQFF,1
LLFALYFSA,CAGLDQPGGSYIPTF,CASSLGQGTYEQYF,1
LLFALHFSA,CAGLDQPGGSYIPTF,CASSLGQGTYEQYF,1
VLFGLGFAI,CAGLGDSGGSNYKLTF,CASGDGLAGKITGELFF,1
VLFGLGFAI,CAGLGDSGGSNYKLTF,CASRQDRWEKMGQNIRRF,1
VLFGLGFAI,CAGLGDSGGSNYKLTF,CASSQDHRVMRLDAGELFF,1
VLFGLGFAI,CAGLGDSGGSNYKLTF,CASSQDRWDVMSKNIQYF,1
ALSPVIPLI,CAGLNSDGQKLLF,CASSYSSDRSSYEQYF,1
ALSPVIPHI,CAGLNSDGQKLLF,CASSYSSDRSSYEQYF,1
RMAAISNTV,CAGNDYKLSF,CASSLAQSDSLAFF,1
LIFNMLYWI,CAGNDYKLSF,CASSLAQSDSLAFF,1
FLYNLLTRV,CAGRKTSYDKVIF,CASSYASTGTLNYGYTF,1
FLYNPLTRV,CAGRKTSYDKVIF,CASSYASTGTLNYGYTF,1
VLFGLGFAI,CAGRLVVGGGADALTF,CASSYQHEQYF,1
VLNYFEPYL,CAGTHMRF,CASSSWTGGNEQYF,1
VVMSWAPPV,CAGVLDSNYQLIW,CASSPVVTPTTDTQYF,1
VVLSWAPPV,CAGVLDSNYQLIW,CASSPVVTPTTDTQYF,1
LLFGMTPCL,CAGYSGGGADGLTF,CASSSLGDSYEQYF,1
RLRAEAQVK,CAIGPGNMLTF,CSVDLEANYGYTF,1
KLGGALQAK,CAIGPGNMLTF,CSVDLEANYGYTF,1
GILGFVFTL,CAIGPGNMLTF,CSVDLEANYGYTF,1
RTLNAWVKV,CAIGPGNMLTF,CSVDLEANYGYTF,1
IVTDFSVIK,CAIGPGNMLTF,CSVDLEANYGYTF,1
FIMGISILL,CAISMDTGRRALTF,CASSEMDGSNQPQHF,1
FMLLTQARL,CALDILISGGSYIPTF,CAGWDRTPYEQYF,1
FMLLTQARI,CALDILISGGSYIPTF,CAGWDRTPYEQYF,1
VLNYFEPYL,CALDSNYQLIW,CASSPGTTTNEKLFF,1
YVLTWIVGA,CALGTHDMRF,CASSESGAAYTGELFF,1
FLNVFFPLL,CALKNLGNYGQNFVF,CSAPSYRELAGAYLQETQYF,1
LLAILPYYV,CALLYSGAGSYQLTF,CSARDPTSGGATGELFF,1
NLFNRYPAL,CALNNAGNMLTF,CASSEWDTEAFF,1
KASEKIFYV,CALQGWVRGADGLTF,CASSQDSHSTSTDTQYF,1
VLFGLGFAI,CALQTGANNLFF,CASSQDRWDVMSQNIQYF,1
GLMAIAWFI,CALRDRRSNYQLIW,CSARAGLRESTDTQYF,1
VLFGLGFAI,CALRGGYSTLTF,CASSPITGTSLANEQFF,1
VVMSWAPPV,CALRGRVAGANNLFF,CASSEWAGQPQHF,1
MLYQHLLPL,CALRIGGSTLGRLYF,CASSASGGRDYGYTF,1
RMFPNAPYL,CALSDLDSNYQLIW,CASSLYTDTQYF,1
VMPFSIVYI,CALSDRGGGADGLTF,CASSSQTGPYSNQPQHF,1
KLSREIMPV,CALSEAEEYGNKLVF,CASSFLSSYNEQFF,1
KMVAVFYNT,CALSEAEGGATNKLIF,CASSFGGLYGYTF,1
MMPFSIVYI,CALSEAEGGATNKLIF,CASSFGGLYGYTF,1
KMVAVFYTT,CALSEAEGGATNKLIF,CASSFGGLYGYTF,1
LMASISSFL,CALSEAEGGATNKLIF,CASSFGGLYGYTF,1
TAMDIFVTV,CALSEAEGGATNKLIF,CASSFGGLYGYTF,1
ILTGLNYEV,CALSEAGSGNTPLVF,CASNRGYNEQFF,1
KMVAVFYTT,CALSEASEYGNKLVF,CASSFPVSDPSTDTQYF,1
VAANIVLTV,CALSEATYNQGGKLIF,CASSIFPNPGNTIYF,1
SILDAVQRV,CALSEAYNYGQNFVF,CASSEIASYNEQFF,1
RLGPYLEFL,CALSEDQFYF,CASRPGGGSYNEQFF,1
ILTGLNYEV,CALSEGQTGANNLFF,CASSVGGGSSYEQYF,1
ILTGLNYEA,CALSEGQTGANNLFF,CASSVGGGSSYEQYF,1
RVRFFFPSL,CALSESYSGAGSYQLTF,CASSLASGSNQPQHF,1
ILTGLNYEV,CALSEVNRDDKIIF,CASSPMGQSYEQYF,1
ILTGLNYEA,CALSEVNRDDKIIF,CASSPMGQSYEQYF,1
KVLEYVIKV,CALSGPNTGNQFYF,CASSLGILGGSLEPQHF,1
VAANIVLTV,CALSPAETSDYKLSF,CASTLTGFAEAFF,1
FMLLTQARL,CALSSPTYNNNDMRF,CASSEDAGNYGYTF,1
SLLWMNPFV,CALTNTGRRALTF,CASSLYGELYYGYTF,1
ALSPVIPLI,CALYGGSQGNLIF,CASSVETGGLDTQYF,1
KLSREIMPV,CAMEGNEKLTF,CASRGTGTGSYEQYF,1
LLFALHFSA,CAMGDARLMF,CATSGTGGTGELFF,1
KLGGALQAK,CAMGPSGGSYIPTF,CASSRGQINQPQHF,1
ALIHHNTHL,CAMHRDDKIIF,CASSLAVQRPSGNTIYF,1
ALIHHNTYL,CAMHRDDKIIF,CASSLAVQRPSGNTIYF,1
ALYGSVPVL,CAMKDFGNEKLTF,CSWDFQETQYF,1
FLDEFMEAV,CAMRASLQGAQKLVF,CATSAKTRLNTEAFF,1
ILTGLNYEV,CAMRAYSGGGADGLTF,CASSVASGGYTDTQYF,1
GMGPLLATV,CAMREAFAGTASKLTF,CAISELDWGVSSPLHF,1
ALSPVIPLI,CAMREDYSSASKIIF,CASSQGPPGSGGGNEQFF,1
RMAAISNTV,CAMREFMESNYQLIW,CASSSPDSNNEQFF,1
KMVAVFYTT,CAMREGDRNQFYF,CASSPWEMNTEAFF,1
KMVAVFYNT,CAMREGGATDSWGKLQF,CASSQGPNFNEKLFF,1
VVLSWAPPV,CAMREGGNDMRF,CASSPRIGGPREGYTF,1
VVLSWAPPV,CAMREGGNYGQNFVF,CASSTQGQPQHF,1
VVMSWAPPV,CAMREGGNYGQNFVF,CASSTQGQPQHF,1
ILTGLNYEV,CAMREGNTGGFKTIF,CASSAGGDTEAFF,1
ILTGLNYEA,CAMREGNTGGFKTIF,CASSAGGDTEAFF,1
SLAPLSPRA,CAMREGNTGGFKTIF,CASSETSGLIDEKLFF,1
VVMSWAPPV,CAMREGPSQAGTALIF,CASSEVSVLYEQYF,1
SIIGRLLEV,CAMREGTGRRALTF,CASSYFGGSLSEQYF,1
SVASTITGV,CAMREGTGRRALTF,CASSYFGGSLSEQYF,1
ITDQVPFSV,CAMREGTGRRALTF,CATHGVSSRETQYF,1
IMDQVPFSV,CAMREGTGRRALTF,CATHGVSSRETQYF,1
ILTGLNYEA,CAMRELDGQKLLF,CASSTGGTSGGRNTGELFF,1
VVLSWAPPV,CAMRESSYGNNRLAF,CASSRPLNQPQHF,1
KMVAVFYTT,CAMRETDSSYKLIF,CSVERGGDEQFF,1
ILTGLNYEV,CAMRETPQGGSEKLVF,CASSEGQNTEAFF,1
ILTGLNYEA,CAMRETPQGGSEKLVF,CASSEGQNTEAFF,1
VVLSWAPPV,CAMRETWGGLGGSQGNLIF,CASSVETGGLDTQYF,1
ILTGLNYEA,CAMREVREAGNQFYF,CASSYSLAGEFF,1
KMVAVFYTT,CAMREVSSWGNEKLTF,CASSLADLYSYEQYF,1
IVTDFSVIK,CAMRGPRGSTLGRLYF,CSARDRAGKETQYF,1
KLGGALQAK,CAMRGPRGSTLGRLYF,CSARDRAGKETQYF,1
ILTGLNYEA,CAMRGSDGQKLLF,CASSRGGGTEAFF,1
ILTGLNYEV,CAMRGSDGQKLLF,CASSRGGGTEAFF,1
KTWGQYWQV,CAMRRPISSGSARQLTF,CASSQDPVTSGGRSYEQFF,1
GLCTLVAML,CAMRSTGNQFYF,CASSQDPSRTYEQYF,1
KLGGALQAK,CAMRSTGNQFYF,CASSQDPSRTYEQYF,1
TAMDIFVTV,CAMSADNYGQNFVF,CASSLAAQGQRVTGELFF,1
VAANIVLTV,CAMSAEGNYQLIW,CASSSGGGNEQFF,1
VVTGVLVYL,CAMSDTNAGKSTF,CASSTSAGFSNQPQHF,1
LLAGTLAGV,CAMSEGFQKLVF,CASSPGQAEPQHF,1
VVLSWAPPV,CAMSLRSYTGNQFYF,CSARISTSSSYEQYF,1
LLAGTLAVV,CAMSLSNFGNEKLTF,CASSEKPDTQYF,1
LLAGTLAGV,CAMSLSNFGNEKLTF,CASSEKPDTQYF,1
MVIGIPVYV,CAMSPLLETGANNLFF,CASSTSTGQGWHYGYTF,1
MLIGIPVYV,CAMSPLLETGANNLFF,CASSTSTGQGWHYGYTF,1
MLYQHLLPL,CAMSVGGLTGGGNKLTF,CASSLSGQGATNEKLFF,1
LLAGTLAGV,CAMSVPGYSTLTF,CANGQGDYEQYF,1
SLAPLSPRV,CAMSVSSNDYKLSF,CASSQGTGGIVDIQYF,1
YLEPGPVTA,CAPGIAGGTSYGKLTF,CASSLAYSYEQYF,1
ILNAMIAKI,CAPHSGYSTLTF,CASSLGPNSPLHF,1
KLNTITAVV,CAPIPGNQFYF,CSDGTGDGYTF,1
IMDQVPFSV,CAPRRNYGQNFVF,CASSPGQGGYEQYF,1
VAANIVLTV,CAPRTTSGTYKYI,CASNLRDTGNEQFF,1
VAANIVLTV,CAPTGANNL,CASSFGNEQFF,1
KTWGQYWQV,CAQFTMNRDDKIIF,CSARAYGTSTTSTDTQYF,1
ILNAMITKI,CARITGGGNKLTF,CASSGPRGYTF,1
FILDAVQRV,CARPEAGNMLTF,CATSRTDISYEQYF,1
RLARLALVL,CASGGGADGLTF,CASSFLTDTQYF,1
VAANIVLTV,CASKDSNYQLIW,CASSIGQGSQPQHF,1
RLARLALVL,CASMYSGGGADGLTF,CASSFFSNTGELFF,1
VVLSWAPPV,CATDADTGNQFYF,CASSFGPYGYTF,1
VVMSWAPPV,CATDADTGNQFYF,CASSFGPYGYTF,1
RLIKHYPGI,CATDAEDSNYQLIW,CASSSSSGDEQYF,1
KLNTITPVV,CATDAEGAQKLVF,CASSPTSGGYEQYF,1
KMVAVFYTT,CATDAGDDKIIF,CASSLAVGQPGEEEQYF,1
FIDQYYSSI,CATDEANFGNEKLTF,CASSLGPSLYEQYF,1
SIIGRLLEV,CATDGEDDSWGKLQF,CASVLGGSSYNEQFF,1
EFTVSGNIL,CATDRGTDKLIF,CASSPGVGTEAFF,1
FMLYLLTLM,CATDVNNDMRF,CASSYGVNTEAFF,1
FIMGISILL,CATDVNNDMRF,CASSYGVNTEAFF,1
KLLAGDEIV,CATGGVSNTNAGKSTF,CAISESKGNYGYTF,1
VLNYFEPYL,CATVDGNTGKLIF,CSASSPDREADGYTF,1
VLNYFKPYL,CATVDGNTGKLIF,CSASSPDREADGYTF,1
ILTGLNYEA,CAVAFNNAGNMLTF,CASSGGGAEAFF,1
FLYNPLTRV,CAVAHARLMF,CASSSDINYGYTF,1
KASEKIFYV,CAVAHSGGYQKVTF,CASSWEYEQYF,1
NLFNRYPAL,CAVDGQAGTALIF,CATSRWTGNEQFF,1
FLFMYLVTV,CAVDIATFGNEKLTF,CASSVDFGRTYNEQFF,1
KLGGALQAK,CAVDLMKTSYDKVIF,CASRTGLASTDTQYF,1
SLFNTVATL,CAVDLMKTSYDKVIF,CASRTGLASTDTQYF,1
KAANIVLTV,CAVDMGNTPLVF,CASSPSWLSGVTQYF,1
YVVTWIVGA,CAVDPGYMRF,CASLEAGGETQYF,1
FLYNPLTRV,CAVEDLGFGNVLHC,CASSPGLYTQYF,1
KASEKIFYV,CAVEPMEYGNKLVF,CASSALFSGANVLTF,1
ILTGLNYEA,CAVEVLQGAQKLVF,CASSLGGGAYEQYF,1
ILTGLNYEV,CAVEVLQGAQKLVF,CASSLGGGAYEQYF,1
VVMSWAPPV,CAVGAEDSNYQLIW,CASSYSWGEQFF,1
VVLSWAPPV,CAVGAEDSNYQLIW,CASSYSWGEQFF,1
VVMSWAPPV,CAVGAGEAAGNKLTF,CASSLGGSYTF,1
VVLSWAPPV,CAVGAGEAAGNKLTF,CASSLGGSYTF,1
VVMSWAPPV,CAVGAGSNFGNEKLTF,CASSYGGNSPLHF,1
VVMSWAPPV,CAVGGEAQGAQKLVF,CASSWGPGYEQYF,1
VLNYFEPYL,CAVGGEKLTF,CASSLIDSPYEQYF,1
VYGIRLEHF,CAVGGLRDDKIIF,CASSSGQTNYGYTF,1
LMFWASSSI,CAVGGNQGGKLIF,CASSQEQLGGEQYF,1
KVLEYVIKV,CAVGGYRGAGSYQLTF,CASSLEPTANQPQHF,1
ITDQVPFSV,CAVGRDGNQFYF,CASSTTGGGNYEQYF,1
LLSIISFPA,CAVGSQGNLIF,CASSYSTGGTDTQYF,1
LLSIIFFPA,CAVGSQGNLIF,CASSYSTGGTDTQYF,1
YLYDRLLRV,CAVIDYKLSF,CASSLDQGAQDNEQFF,1
YLYDRLLRI,CAVIDYKLSF,CASSLDQGAQDNEQFF,1
KLGGALQAK,CAVIQINDYKLSF,CASSLGQDGYTF,1
RLRAEAQVK,CAVIQINDYKLSF,CASSLGQDGYTF,1
IVTDFSVIK,CAVIQINDYKLSF,CASSLGQDGYTF,1
SLFNTVATL,CAVIQINDYKLSF,CASSLGQDGYTF,1
VLFGLGFAI,CAVISYNTDKLIF,CASRSSDPYEQYF,1
RLVPYLEFL,CAVKGGSQGNLIF,CASSVQSTDTQYF,1
KMVAVFYTT,CAVKSGAGFGNVLHC,CASSLNRGLNTGELFF,1
KLGGALQAK,CAVKTGGYQKVTF,CASSLDLSGGITDTQYF,1
GMGPLLAMV,CAVLNNARLMF,CASSVDRVADTQYF,1
VLFGLGFAI,CAVMAPHTGGFKTIF,CASSWETETEAFF,1
IMDQVPFSV,CAVMDSNYQLIW,CASSEAGDTGELFF,1
SLLQGSPHL,CAVNAPGTYKYIF,CASSPPDQVYNEQFF,1
SLLQGSPHV,CAVNAPGTYKYIF,CASSPPDQVYNEQFF,1
FLNDLLSVL,CAVNAPTGFQKLVF,CASSIGTVNRGPNTEAFF,1
FLNDLLSVM,CAVNAPTGFQKLVF,CASSIGTVNRGPNTEAFF,1
KLPLDINPV,CAVNEDKIIF,CASSLASGNEQFF,1
AAGIGILTV,CAVNFGGGKLIF,CASSLSFGTEAFF,1
VLFGLGFAI,CAVNGDSGGSNYKLTF,CASSLWGAGELFF,1
KTWGQYWQV,CAVNGGDDKIIF,CASSLAGGTDTQYF,1
LLFGMTPCL,CAVNGNQFYF,CASSLGGPGAFF,1
KMVAVFYTT,CAVNLYARLMF,CASSTGISYEQYF,1
LLSIIFFPA,CAVNMVGKFQF,CASSFMGQGESGYTF,1
ALYGSVPVL,CAVNNARLMF,CASSQGGGGTDTQYF,1
ALYGSVPVL,CAVNPGGFKTIF,CASSYSSGTEAFF,1
FLGIYTVTV,CAVNQAGTALIF,CASSDNDWRLQYF,1
KLGGALQAK,CAVNRVRDARLMF,CASRVGNTEAFF,1
RLRAEAQVK,CAVNRVRDARLMF,CASRVGNTEAFF,1
IVTDFSVIK,CAVNRVRDARLMF,CASRVGNTEAFF,1
ALIHHNTHL,CAVNSNSGYALNF,CASSQSETGDGYTF,1
FLTVFSHFM,CAVNSWPKDSSYKLIF,CASSQDRGKDTQYF,1
LLFALHFSA,CAVNTRTALIF,CASSFGSGNTIYF,1
KLGGALQAK,CAVNWEEQGGSYIPTF,CASRVSGSLSYNEQFF,1
IVTDFSVIK,CAVNWEEQGGSYIPTF,CASRVSGSLSYNEQFF,1
RLARLALVL,CAVPDDAGNMLTF,CASSELPAGGTNEQFF,1
ILNVDVFTL,CAVQAGNTDKLIF,CSARTWTGNTIYF,1
ILNVDIFTL,CAVQAGNTDKLIF,CSARTWTGNTIYF,1
ILTGLNYEA,CAVRDDNNNDMRF,CASSEGQGRWYEQYF,1
ITDQVPFSV,CAVRDDTGGFKTIF,CASSTTEAYEQYF,1
RLARLALVL,CAVRDDYGQNFVF,CASSPQGDNEQFF,1
VAANIVLTV,CAVRDIFNAGNMLTF,CASSIVSSSYNEQFF,1
RLGPYLEFL,CAVRDTRSYNTDKLIF,CASSIQGNSNQPQHF,1
KMVAVFYNT,CAVREYSGGGADGLTF,CASSPITNTGELFF,1
SILDAVQRV,CAVRGGNDMRF,CASSLFARGGPTDTQYF,1
FILDAVQRV,CAVRGGNDMRF,CASSLFARGGPTDTQYF,1
KLGGALQAK,CAVRGRVSTDKLIF,CASSQDQGITEAFF,1
LYPELIASI,CAVRGTSGYALNF,CATSFAPGQGEHGYTF,1
LYPEFIASI,CAVRGTSGYALNF,CATSFAPGQGEHGYTF,1
ILNVDIFTL,CAVRLVGGTSYGKLTF,CSVRLTDYNEQFF,1
FLTYLDVSV,CAVRNRDDKIIF,CASSVGTGYEQYF,1
SLLMWITQC,CAVRPLLGGSYIPTF,CASSYVGNTGELFF,1
SLLMWITQC,CAVRPLYGGSYIPTF,CASSYVGNTGELFF,1
VAANIVLTV,CAVRSDGNEKLT,CASYPGTSGSYEQYF,1
ILNVDVFTL,CAVRSNDYKLSF,CASSLGPMEENIQYF,1
KMVAVFYTT,CAVRVSGYGGSQGNLIF,CASSFVRDSPHRDTEAFF,1
VVMSWAPPV,CAVRYPSYNTDKLIF,CASSFGPSYGYTF,1
VVLSWAPPV,CAVRYPSYNTDKLIF,CASSFGPSYGYTF,1
VLFGLGFAI,CAVSADSGGSNYKLTF,CATSDLPYIGTRLNEQFF,1
ILTGLNYEA,CAVSDARNYQLIW,CATSDPGTTNTGELFF,1
ILTGLNYEV,CAVSDARNYQLIW,CATSDPGTTNTGELFF,1
VYGIRLEHF,CAVSDPRNYGQNFVF,CATRGQSYEQY,1
VVLSWAPPV,CAVSKEGSYIPTF,CSVRGGGDNSPLHF,1
VVLSWAPPV,CAVSNLMDTGRRALTF,CASSLSSGPYNEQFF,1
VVMSWAPPV,CAVSNLMDTGRRALTF,CASSLSSGPYNEQFF,1
MLYQHLLPL,CAVSSGTYKYIF,CASSLLGNTEAFF,1
VVMSWAPPV,CAVSTGGGNKLTF,CASSSRLSSGYTF,1
VAANIVLTV,CAVTGANNLFF,CASSIEGPTGELF,1
VVMSWAPPV,CAVTGNQFYF,CSASPGYNEQFF,1
VVLSWAPPV,CAVTGNQFYF,CSASPGYNEQFF,1
VQYLGMLPV,CAVTPTDSWGKLQF,CASSQNGSEAAYSNQPQHF,1
VLNYFEPYL,CAVVEETSGSRLTF,CASSSWTGWYEQYF,1
NLFNRYPAL,CAVVRGDTDKLIF,CASSLYVYSYEQYF,1
VAANIVLTV,CAVVRTQGGSEKLVF,CASSPWTGIPYNSPLHF,1
LLSIISFPA,CAVYFQGGSEKLVF,CASSGRDRNF,1
EEAAGIGIL,CAVYGGATNKLIF,CASSPHAGGVDEKLFF,1
KTWGQYWQV,CAVYGIQGAQKLVF,CASSLGLEGTNQPQHF,1
LAMPFATPM,CAVYSGGGADGLTF,CASSLGTSGIQFF,1
ILNAMITKI,CAVYSGGGADGLTF,CASSSGGAWYTF,1
VVLSWAPPV,CAVYTGGFKTIF,CASSFGGSSYEQYF,1
KLNTITPVV,CAYFENKLIF,CASMRPTSYEQYF,1
KLNTITAVV,CAYFENKLIF,CASMRPTSYEQYF,1
KLMNIQQQL,CAYFPYGQNFVF,CASGDSGALEFF,1
GMGPLLATV,CAYRSGEYGNKLVF,CASSMAGSSYEQYF,1
RLARLALVL,CAYRSGSDGGSQGNLIF,CASSQVSGYEQYF,1
KASEKIFYV,CAYRSSNFGNEKLTF,CATSSFRMTGDNSPLHF,1
KMVAVFYTT,CAYRTGDSGAGSYQLTF,CASSEFRDRNQPQHF,1
KLMNIQQQL,CAYSPPLVF,CASRGGDGETQYF,1
VYGIRLEHF,CAYTSGAGSYQLTF,CASSESRDRIHYGYTF,1
KLNTITPVV,CAYYANDMRF,CSVEAGGVSEAFF,1
KMVAVFYTT,CGADNSGGGADGLTF,CASSLSWLDSQETQYF,1
FIDQYYSSI,CGAVFLNDYKLSF,CASSMTVMNTEAFF,1
GLMAIAWFI,CGMDSSYKLIF,CSARVQGAYEQYF,1
VLNYFKPYL,CGRTDSWGKLQF,CASSRIANNNNEQFF,1
VLFGLGFAI,CIAQGAQKLVF,CSASASLTSGANVLTF,1
KLNTITPVV,CILGMTTDSWGKLQF,CASSQVPGSYEQYF,1
KMVAVFYTT,CILNVPGGYQKVTF,CASSSSGGLDTQYF,1
KMVAVFYTT,CILRDMEYGNKLVF,CASSRYGGPSDNEQFF,1
KMVAVFYNT,CILRDMEYGNKLVF,CASSRYGGPSDNEQFF,1
KMVAVFYTT,CIVMNRDDKIIF,CASSITWMNTEAFF,1
KMVAVFYTT,CIVRAGTYSNYQLIW,CASSLVSGREETQYF,1
ILNVDIFTL,CIVRVAGQFYF,CASSSQGGAKNEQYF,1
SLAPLSPRV,CLIRDDKIIF,CSAPKEEPYGYTF,1
KTWGQYWQV,CLVGDIENYGQNFVF,CASSEVQGSTYEQYV,1
FQDYIKSYL,CLVGDVEGSQGNLIF,CASSHHSGGIYNEQFF,1
KMVAVFYTT,CLVGYSGGYQKVTF,CASSLAGDRGRNSPLHF,1
RLGPYLEFL,CLVVSNSSASKIIF,CASSIPSRTTNYGYTF,1
VVMSWAPPV,CNTGGYQKVTF,CASSLDLDWGQSYNEQFF,1
RLARLALVL,CSSGGGADGLTF,CASMDLAFKQYF,1
LLSIIFFPA,CVVGPGANNLFF,CASSFRQTLAVYEQYF,1
LLSIISFPA,CVVGPGANNLFF,CASSFRQTLAVYEQYF,1
VLFGLGFAI,CVVKRGYSTLTF,CSVESMDRNYEQYF,1
MLYQHLLPL,CVVNLPNTGFQKLVF,CASRTGTSGGFPNTGELFF,1
MLYQHLLPL,CVVNMNTGFQKLVF,CASSPPQGGNTGELFF,1
VYGIRLEHF,CVVNRASNTGKLIF,CASSLYRGLYEQYF,1
KLNTITPVV,CVVNVDNAGNMLTF,CASSLETGGWETQYF,1
HRRGSRSYV,CVVRGMDSSYKLIF,CATSSEDSSNQPQHF,1
VLFGLGFAI,CVVSDGYGGATNKLIF,CASSLDRAIGVTYEQYF,1
ALIHHNTHL,CVVSGVNVWGTYKYIF,CASSIESGSKQRNEQFF,1
ALIHHNTYL,CVVSGVNVWGTYKYIF,CASSIESGSKQRNEQFF,1
MLGERLFPL,CVVSPYNQGGKLIF,CASSLDIGDQPQHF,1
SLLMWITQA,CDAEARLF,CSLGGTEAF,1
SLLMWITQC,CDAEARLF,CSLGGTEAF,1
SLLMWITQA,CDKNARLF,CQQGGTEAF,1
SLLMWITQC,CDKNARLF,CQQGGTEAF,1
LIIPCIHLI,CGGTSYGKLTFF,CASSFPDRGQGVYGYTF,1
FLRGRAFGL,CILPLAGGTSYGKLTF,CASSLGQAYEQYF,1
FLRGRAYVL,CILPLAGGTSYGKLTF,CASSLGQAYEQYF,1
YLRGRAYGL,CILPLAGGTSYGKLTF,CASSLGQAYEQYF,1
TLRGRAYGL,CILPLAGGTSYGKLTF,CASSLGQAYEQYF,1
FLRGRAYGL,CILPLAGGTSYGKLTF,CASSLGQAYEQYF,1
EEYLQAFTY,CILPLAGGTSYGKLTF,CASSLGQAYEQYF,1
RLGPYLEFL,CLGTGNQFYFF,CASKRMTGEAGQPQHF,1
ALGIGILTV,CAVNDNARLMF,CASSHAGLGF,1
AAGIGILTV,CAVNDNARLMF,CASSHAGLGF,1
SLLMWITQA,CRKTSYDKVF,CSVDGSNQPQF,1
SLLMWITQC,CRKTSYDKVF,CSVDGSNQPQF,1
SLLMWITQA,CRSSMDSNYQLF,CSYVGGKAEAF,1
SLLMWITQC,CRSSMDSNYQLF,CSYVGGKAEAF,1
SLLMWITQA,CSDSNYQLF,CRTGLDGYF,1
SLLMWITQC,CSDSNYQLF,CRTGLDGYF,1
ALGIGILTV,CAVSSSDFLMF,CASSHAGLGF,1
AAGIGILTV,CAVSSSDFLMF,CASSHAGLGF,1
ALGIGIYSL,CSSSDFLMF,CSHAGLGVEQF,1
HIGIGLLSL,CSSSDFLMF,CSHAGLGVEQF,1
KMGIGWKPL,CSSSDFLMF,CSHAGLGVEQF,1
GLGIGALVL,CSSSDFLMF,CSHAGLGVEQF,1
GLGIGIASM,CSSSDFLMF,CSHAGLGVEQF,1
LIGIGLNLV,CSSSDFLMF,CSHAGLGVEQF,1
ALGIGVYPV,CSSSDFLMF,CSHAGLGVEQF,1
LLGIGIYAL,CSSSDFLMF,CSHAGLGVEQF,1
LIGIGIAPL,CSSSDFLMF,CSHAGLGVEQF,1
ALGIGAVPI,CSSSDFLMF,CSHAGLGVEQF,1
KLGIGFAKA,CSSSDFLMF,CSHAGLGVEQF,1
GIGIGSGQL,CSSSDFLMF,CSHAGLGVEQF,1
IAGLGLLTV,CSSSDFLMF,CSHAGLGVEQF,1
LLGIGILVL,CSSSDFLMF,CSHAGLGVEQF,1
AIGIGAYLV,CSSSDFLMF,CSHAGLGVEQF,1
KMVAVFYTT,CSTSFGSNYGQNFVFF,CASSLVPSGQANTEAFF,1
LLAMTVPNV,CSTSFGSNYGQNFVFF,CASSLVPSGQANTEAFF,1
IAGLGLLTV,CAVTKYSWGKLQF,CASRPGWMAGGVELYF,1
MIISHLYLI,CVQGGSEKLVFF,CASREQGMNTEAFF,1
MIISHLSLI,CVQGGSEKLVFF,CASREQGMNTEAFF,1
YLCSGSSYF,CYLCAVTTDSF,CASSDGGISYNEQF,1
SLLMWITQA,CYMDSNYQLF,CSVTGTGGGF,1
SLLMWITQC,CYMDSNYQLF,CSVTGTGGGF,1
SLLMWITQC,CATDGGGTLTF,CASKWGGTEAFF,1
LLFGKPVYV,CAVTTDSWGKLQF,CASRPGLAGGRPEQYF,1
LLFGFPVYV,CAVTTDSWGKLQF,CASRPGLAGGRPEQYF,1
LLFGFAVYV,CAVTTDSWGKLQF,CASRPGLAGGRPEQYF,1
LLFGYPVFV,CAVTTDSWGKLQF,CASRPGLAGGRPEQYF,1
LLFGFPVFV,CAVTTDSWGKLQF,CASRPGLAGGRPEQYF,1
YLEPGPVAA,CAVLSSGGSNYKLTF,CASSFIGGTDTQYF,1
YLAPGPVTA,CAVLSSGGSNYKLTF,CASSFIGGTDTQYF,1
YLEPGPATA,CAVLSSGGSNYKLTF,CASSFIGGTDTQYF,1
YLEAGPVTA,CAVLSSGGSNYKLTF,CASSFIGGTDTQYF,1
YLEPGPVTV,CAVLSSGGSNYKLTF,CASSFIGGTDTQYF,1
YLEPAPVTA,CAVLSSGGSNYKLTF,CASSFIGGTDTQYF,1
YLEPGAVTA,CAVLSSGGSNYKLTF,CASSFIGGTDTQYF,1
ALEPGPVTA,CAVLSSGGSNYKLTF,CASSFIGGTDTQYF,1
YLEPGPVTA,CAVLSSGGSNYKLTF,CASSFIGGTDTQYF,1
EVDPIGHLY,CAVRPGGAGPFFVVF,CASSFNMATGQYF,1
ESDPIVAQY,CAVRPGGAGPFFVVF,CASSFNMATGQYF,1
SLLMWITQC,CIPNNNDMRF,CASSFPREPNYGYTF,1
SLLMWITQC,CAVGGLTSSNTGKLIF,CASSNQIYGYTF,1
AAGIGILTV,CAVNFGGGKLIF,CASSWSFGTEAFF,1
ILAKFLHWL,CAVDSATALPYGYIF,CASSYQGTEAFF,1
ILAAFLHWL,CAVDSATALPYGYIF,CASSYQGTEAFF,1
ILAKFAHWL,CAVDSATALPYGYIF,CASSYQGTEAFF,1
ILAKFLHWL,CAVDSATSGTYKYIF,CASSYQGTEAFF,1
AAGIGILTV,CAVNVAGKSTF,CAWSETGLGTGELFF,1
FWLLPAWAL,CAVNVAGKSTF,CAWSETGLGTGELFF,1
FWLLGAWAL,CAVNVAGKSTF,CAWSETGLGTGELFF,1
